145008,Dead House,https://www.yidio.com/movie/dead-house/145008,dead_house
183161,The Last Man,https://www.yidio.com/movie/the-last-man/183161,the_last_man
186595,Mega Time Squad,https://www.yidio.com/movie/mega-time-squad/186595,mega_time_squad
106165,Remember,https://www.yidio.com/movie/remember/106165,remember
195136,Solar Adventure,https://www.yidio.com/movie/solar-adventure/195136,solar_adventure
195133,Raiders of Galaxy,https://www.yidio.com/movie/raiders-of-galaxy/195133,raiders_of_galaxy
197928,Abduction,https://www.yidio.com/movie/abduction/197928,abduction
204461,"Empathy, Inc.",https://www.yidio.com/movie/empathy-inc/204461,empathy_inc
84507,Dimension Z,https://www.yidio.com/movie/dimension-z/84507,dimension_z
219052,Butt Boy,https://www.yidio.com/movie/butt-boy/219052,butt_boy
220340,Mazinger Z: Infinity,https://www.yidio.com/movie/mazinger-z-infinity/220340,mazinger_z_infinity
221813,Virtuosity,https://www.yidio.com/movie/virtuosity/221813,virtuosity
222342,Portal,https://www.yidio.com/movie/portal/222342,portal
34922,Mirageman,https://www.yidio.com/movie/mirageman/34922,mirageman
34849,Lupin The Third: The Secret of Mamo,https://www.yidio.com/movie/lupin-the-third-the-secret-of-mamo/34849,lupin_the_third_the_secret_of_mamo
34644,The Third Wish,https://www.yidio.com/movie/the-third-wish/34644,the_third_wish
34452,Creature of Darkness,https://www.yidio.com/movie/creature-of-darkness/34452,creature_of_darkness
34418,The Moment After 2: Awakening,https://www.yidio.com/movie/the-moment-after-2-awakening/34418,the_moment_after_2_awakening
34094,Phase 7,https://www.yidio.com/movie/phase-7/34094,phase_7
34013,Strangler of the Swamp,https://www.yidio.com/movie/strangler-of-the-swamp/34013,strangler_of_the_swamp
33937,Assault Girls,https://www.yidio.com/movie/assault-girls/33937,assault_girls
33819,Tripping the Rift: The Movie A,https://www.yidio.com/movie/tripping-the-rift-the-movie-a/33819,tripping_the_rift_the_movie_a
33796,The King of Fighters,https://www.yidio.com/movie/the-king-of-fighters/33796,the_king_of_fighters
33662,Allegro,https://www.yidio.com/movie/allegro/33662,allegro
33646,Blue Gender: The Warrior,https://www.yidio.com/movie/blue-gender-the-warrior/33646,blue_gender_the_warrior
33448,Glenn: The Flying Robot,https://www.yidio.com/movie/glenn-the-flying-robot/33448,glenn_the_flying_robot
33430,Gojira,https://www.yidio.com/movie/gojira/33430,gojira
33372,Circuitry Man,https://www.yidio.com/movie/circuitry-man/33372,circuitry_man
33363,Tetsuo: The Bullet Man,https://www.yidio.com/movie/tetsuo-the-bullet-man/33363,tetsuo_the_bullet_man
33318,Final Encounter,https://www.yidio.com/movie/final-encounter/33318,final_encounter
33229,Momentum,https://www.yidio.com/movie/momentum/33229,momentum
33188,Deep Core,https://www.yidio.com/movie/deep-core/33188,deep_core
33166,Beneath Loch Ness,https://www.yidio.com/movie/beneath-loch-ness/33166,beneath_loch_ness
33119,The Nude Vampire,https://www.yidio.com/movie/the-nude-vampire/33119,the_nude_vampire
33061,Screamers: The Hunting,https://www.yidio.com/movie/screamers-the-hunting/33061,screamers_the_hunting
33000,Terminal Error,https://www.yidio.com/movie/terminal-error/33000,terminal_error
32897,Tekwar: Teklab,https://www.yidio.com/movie/tekwar-teklab/32897,tekwar_teklab
32896,Tekwar: Tekjustice,https://www.yidio.com/movie/tekwar-tekjustice/32896,tekwar_tekjustice
32895,Tekwar,https://www.yidio.com/movie/tekwar/32895,tekwar
32721,Hunter Prey,https://www.yidio.com/movie/hunter-prey/32721,hunter_prey
32622,White Wall,https://www.yidio.com/movie/white-wall/32622,white_wall
32587,RoboGeisha,https://www.yidio.com/movie/robogeisha/32587,robogeisha
32569,Freaky Faron,https://www.yidio.com/movie/freaky-faron/32569,freaky_faron
32403,Prototype X29A,https://www.yidio.com/movie/prototype-x29a/32403,prototype_x29a
32319,Flash Gordon: Space Soldiers,https://www.yidio.com/movie/flash-gordon-space-soldiers/32319,flash_gordon_space_soldiers
32277,Flash Gordon's Trip to Mars,https://www.yidio.com/movie/flash-gordons-trip-to-mars/32277,flash_gordon_s_trip_to_mars
32276,Flash Gordon Conquers the Universe,https://www.yidio.com/movie/flash-gordon-conquers-the-universe/32276,flash_gordon_conquers_the_universe
32207,Alien vs. Ninja,https://www.yidio.com/movie/alien-vs-ninja/32207,alien_vs_ninja
32158,The Wolves of Willoughby Chase,https://www.yidio.com/movie/the-wolves-of-willoughby-chase/32158,the_wolves_of_willoughby_chase
32047,Alien Tracker,https://www.yidio.com/movie/alien-tracker/32047,alien_tracker
31807,InuYasha the Movie 4 Fire on the Mystic Island,https://www.yidio.com/movie/inuyasha-the-movie-4-fire-on-the-mystic-island/31807,inuyasha_the_movie_4_fire_on_the_mystic_island
31415,Godkiller,https://www.yidio.com/movie/godkiller/31415,godkiller
31322,Unholy,https://www.yidio.com/movie/unholy/31322,unholy
31217,Brain of Blood,https://www.yidio.com/movie/brain-of-blood/31217,brain_of_blood
30638,Earth vs. the Flying Saucers,https://www.yidio.com/movie/earth-vs-the-flying-saucers/30638,earth_vs_the_flying_saucers
30630,The Revenge Of Frankenstein,https://www.yidio.com/movie/the-revenge-of-frankenstein/30630,the_revenge_of_frankenstein
30621,Human Feelings,https://www.yidio.com/movie/human-feelings/30621,human_feelings
30610,"Have Rocket, Will Travel",https://www.yidio.com/movie/have-rocket-will-travel/30610,have_rocket_will_travel
30570,Terror of Frankenstein,https://www.yidio.com/movie/terror-of-frankenstein/30570,terror_of_frankenstein
30516,Day X,https://www.yidio.com/movie/day-x/30516,day_x
30511,They Came from Beyond Space,https://www.yidio.com/movie/they-came-from-beyond-space/30511,they_came_from_beyond_space
30489,Gammera the Invincible,https://www.yidio.com/movie/gammera-the-invincible/30489,gammera_the_invincible
30450,Nymphoid Barbarian in Dinosaur Hell,https://www.yidio.com/movie/nymphoid-barbarian-in-dinosaur-hell/30450,nymphoid_barbarian_in_dinosaur_hell
30337,The Beast with a Million Eyes,https://www.yidio.com/movie/the-beast-with-a-million-eyes/30337,the_beast_with_a_million_eyes
30136,One Day Like Rain,https://www.yidio.com/movie/one-day-like-rain/30136,one_day_like_rain
30119,Robot Holocaust,https://www.yidio.com/movie/robot-holocaust/30119,robot_holocaust
30071,The Immortalizer,https://www.yidio.com/movie/the-immortalizer/30071,the_immortalizer
29891,Redboy 13,https://www.yidio.com/movie/redboy-13/29891,redboy_13
29525,Kamogawa Horumo,https://www.yidio.com/movie/kamogawa-horumo/29525,kamogawa_horumo
29515,Judas Kiss,https://www.yidio.com/movie/judas-kiss/29515,judas_kiss
29402,Evangelion: 2.0 You Can,https://www.yidio.com/movie/evangelion-20-you-can/29402,evangelion_2_0_you_can
29056,The Objective,https://www.yidio.com/movie/the-objective/29056,the_objective
29015,Superior Ultraman 8 Brothers,https://www.yidio.com/movie/superior-ultraman-8-brothers/29015,superior_ultraman_8_brothers
28868,Rock Monster,https://www.yidio.com/movie/rock-monster/28868,rock_monster
28809,Quality Time,https://www.yidio.com/movie/quality-time/28809,quality_time
28718,The Other Side of the Tracks,https://www.yidio.com/movie/the-other-side-of-the-tracks/28718,the_other_side_of_the_tracks
28343,InAlienable,https://www.yidio.com/movie/inalienable/28343,inalienable
28134,Far Cry,https://www.yidio.com/movie/far-cry/28134,far_cry
27945,Christmas on Mars,https://www.yidio.com/movie/christmas-on-mars/27945,christmas_on_mars
27805,Battle Planet,https://www.yidio.com/movie/battle-planet/27805,battle_planet
27589,We Are the Strange,https://www.yidio.com/movie/we-are-the-strange/27589,we_are_the_strange
27549,Urchin,https://www.yidio.com/movie/urchin/27549,urchin
27501,Tooth and Nail,https://www.yidio.com/movie/tooth-and-nail/27501,tooth_and_nail
27436,Sunshine,https://www.yidio.com/movie/sunshine/27436,sunshine
27381,Species - The Awakening,https://www.yidio.com/movie/species-the-awakening/27381,species_the_awakening
27229,Resiklo,https://www.yidio.com/movie/resiklo/27229,resiklo
27176,Press Start,https://www.yidio.com/movie/press-start/27176,press_start
26791,Kamen Rider The Next,https://www.yidio.com/movie/kamen-rider-the-next/26791,kamen_rider_the_next
26722,Imagination,https://www.yidio.com/movie/imagination/26722,imagination
26720,Illegal Aliens,https://www.yidio.com/movie/illegal-aliens/26720,illegal_aliens
26711,I'll Believe You,https://www.yidio.com/movie/ill-believe-you/26711,i_ll_believe_you
26632,Happiness,https://www.yidio.com/movie/happiness/26632,happiness
26512,Flatland,https://www.yidio.com/movie/flatland/26512,flatland
26507,Fire Serpent,https://www.yidio.com/movie/fire-serpent/26507,fire_serpent
26415,Dr Plonk,https://www.yidio.com/movie/dr-plonk/26415,dr_plonk
26032,Alien Agent,https://www.yidio.com/movie/alien-agent/26032,alien_agent
25858,Unna ja Nuuk,https://www.yidio.com/movie/unna-ja-nuuk/25858,unna_ja_nuuk
25404,Origin: Spirits of the Past,https://www.yidio.com/movie/origin-spirits-of-the-past/25404,origin_spirits_of_the_past
25178,Live Freaky! Die Freaky!,https://www.yidio.com/movie/live-freaky-die-freaky/25178,live_freaky_die_freaky
25164,Lightspeed,https://www.yidio.com/movie/lightspeed/25164,lightspeed
24739,Elephants Dream,https://www.yidio.com/movie/elephants-dream/24739,elephants_dream
24728,Eclectic Shorts by Eric Leiser,https://www.yidio.com/movie/eclectic-shorts-by-eric-leiser/24728,eclectic_shorts_by_eric_leiser
24691,Displaced,https://www.yidio.com/movie/displaced/24691,displaced
24363,Automatons,https://www.yidio.com/movie/automatons/24363,automatons
24293,Alien Autopsy,https://www.yidio.com/movie/alien-autopsy/24293,alien_autopsy
24288,Alag,https://www.yidio.com/movie/alag/24288,alag
24068,The Tiger Blade,https://www.yidio.com/movie/the-tiger-blade/24068,the_tiger_blade
23985,Star Wreck: In the Pirkinning,https://www.yidio.com/movie/star-wreck-in-the-pirkinning/23985,star_wreck_in_the_pirkinning
23955,Slipstream,https://www.yidio.com/movie/slipstream/23955,slipstream
23867,Rubber Johnny,https://www.yidio.com/movie/rubber-johnny/23867,rubber_johnny
23778,Planetfall,https://www.yidio.com/movie/planetfall/23778,planetfall
23576,The Mangler Reborn,https://www.yidio.com/movie/the-mangler-reborn/23576,the_mangler_reborn
23425,Kamen Rider The First,https://www.yidio.com/movie/kamen-rider-the-first/23425,kamen_rider_the_first
23328,Hinokio,https://www.yidio.com/movie/hinokio/23328,hinokio
23292,H.G. Wells' The War of the Worlds,https://www.yidio.com/movie/hg-wells-the-war-of-the-worlds/23292,h_g_wells_the_war_of_the_worlds
23225,Frankenstein vs. the Creature from Blood Cove,https://www.yidio.com/movie/frankenstein-vs-the-creature-from-blood-cove/23225,frankenstein_vs_the_creature_from_blood_cove
23059,The Dark Hours,https://www.yidio.com/movie/the-dark-hours/23059,the_dark_hours
22695,Zombie Planet,https://www.yidio.com/movie/zombie-planet/22695,zombie_planet
22592,Ultraman,https://www.yidio.com/movie/ultraman/22592,ultraman
22584,The Twins Effect II,https://www.yidio.com/movie/the-twins-effect-ii/22584,the_twins_effect_ii
22281,Pinocchio 3000,https://www.yidio.com/movie/pinocchio-3000/22281,pinocchio_3000
22090,Mah Nakorn,https://www.yidio.com/movie/mah-nakorn/22090,mah_nakorn
21977,Kamikaze Girls,https://www.yidio.com/movie/kamikaze-girls/21977,kamikaze_girls
21938,Infection,https://www.yidio.com/movie/infection/21938,infection
21851,Grayson,https://www.yidio.com/movie/grayson/21851,grayson
21809,Gamebox 1.0,https://www.yidio.com/movie/gamebox-10/21809,gamebox_1_0
21806,G.O.R.A.,https://www.yidio.com/movie/gora/21806,g_o_r_a
21722,The Drone Virus,https://www.yidio.com/movie/the-drone-virus/21722,the_drone_virus
21705,The District!,https://www.yidio.com/movie/the-district/21705,the_district
21675,Dead Meat,https://www.yidio.com/movie/dead-meat/21675,dead_meat
21444,Anonymous Rex,https://www.yidio.com/movie/anonymous-rex/21444,anonymous_rex
21316,Webs,https://www.yidio.com/movie/webs/21316,webs
21093,Robot Stories,https://www.yidio.com/movie/robot-stories/21093,robot_stories
20951,Northfork,https://www.yidio.com/movie/northfork/20951,northfork
20937,Natural City,https://www.yidio.com/movie/natural-city/20937,natural_city
20897,Moon Child,https://www.yidio.com/movie/moon-child/20897,moon_child
20723,Interstella 5555: The 5tory of the 5ecret 5tar 5ystem,https://www.yidio.com/movie/interstella-5555-the-5tory-of-the-5ecret-5tar-5ystem/20723,interstella_5555_the_5tory_of_the_5ecret_5tar_5ystem
20351,Bionicle: Mask of Light,https://www.yidio.com/movie/bionicle-mask-of-light/20351,bionicle_mask_of_light
20332,Bells of Innocence,https://www.yidio.com/movie/bells-of-innocence/20332,bells_of_innocence
20318,Batman: Mystery of the Batwoman,https://www.yidio.com/movie/batman-mystery-of-the-batwoman/20318,batman_mystery_of_the_batwoman
20086,Timequest,https://www.yidio.com/movie/timequest/20086,timequest
19996,Solaris,https://www.yidio.com/movie/solaris/19996,solaris
19487,Evelyn: The Cutest Evil Dead Girl,https://www.yidio.com/movie/evelyn-the-cutest-evil-dead-girl/19487,evelyn_the_cutest_evil_dead_girl
19423,Dead or Alive: Final,https://www.yidio.com/movie/dead-or-alive-final/19423,dead_or_alive_final
19324,Box Head Revolution,https://www.yidio.com/movie/box-head-revolution/19324,box_head_revolution
19293,Bikini Planet,https://www.yidio.com/movie/bikini-planet/19293,bikini_planet
18872,The Princess Blade,https://www.yidio.com/movie/the-princess-blade/18872,the_princess_blade
18836,Otogiriso,https://www.yidio.com/movie/otogiriso/18836,otogiriso
18462,Electric Dragon 80.000 V,https://www.yidio.com/movie/electric-dragon-80000-v/18462,electric_dragon_80_000_v
18199,The Lost Skeleton of Cadavra,https://www.yidio.com/movie/the-lost-skeleton-of-cadavra/18199,the_lost_skeleton_of_cadavra
18154,What Planet Are You From?,https://www.yidio.com/movie/what-planet-are-you-from/18154,what_planet_are_you_from
17566,Ditto,https://www.yidio.com/movie/ditto/17566,ditto
17247,Top of the Food Chain,https://www.yidio.com/movie/top-of-the-food-chain/17247,top_of_the_food_chain
17242,Thumb Wars,https://www.yidio.com/movie/thumb-wars/17242,thumb_wars
16979,Memento Mori,https://www.yidio.com/movie/memento-mori/16979,memento_mori
16978,Me and the Big Guy,https://www.yidio.com/movie/me-and-the-big-guy/16978,me_and_the_big_guy
16555,Alien Adventure,https://www.yidio.com/movie/alien-adventure/16555,alien_adventure
16367,The Second Arrival,https://www.yidio.com/movie/the-second-arrival/16367,the_second_arrival
16306,Progeny,https://www.yidio.com/movie/progeny/16306,progeny
16196,Men in White,https://www.yidio.com/movie/men-in-white/16196,men_in_white
16183,Malli,https://www.yidio.com/movie/malli/16183,malli
16034,"Goodbye, 20th Century!",https://www.yidio.com/movie/goodbye-20th-century/16034,goodbye_20th_century
16016,Gangster World,https://www.yidio.com/movie/gangster-world/16016,gangster_world
15811,Alien Abduction: Incident in Lake County,https://www.yidio.com/movie/alien-abduction-incident-in-lake-county/15811,alien_abduction_incident_in_lake_county
15673,Space Marines,https://www.yidio.com/movie/space-marines/15673,space_marines
15233,Bugged!,https://www.yidio.com/movie/bugged/15233,bugged
15138,Aberration,https://www.yidio.com/movie/aberration/15138,aberration
14974,Rubber's Lover,https://www.yidio.com/movie/rubbers-lover/14974,rubber_s_lover
14946,Project ALF,https://www.yidio.com/movie/project-alf/14946,project_alf
14901,The Night Hunter,https://www.yidio.com/movie/the-night-hunter/14901,the_night_hunter
14897,Mystery Science Theater 3000: The Movie,https://www.yidio.com/movie/mystery-science-theater-3000-the-movie/14897,mystery_science_theater_3000_the_movie
14871,Memory Run,https://www.yidio.com/movie/memory-run/14871,memory_run
14501,The Adventures of Galgameth,https://www.yidio.com/movie/the-adventures-of-galgameth/14501,the_adventures_of_galgameth
14064,The Drivetime,https://www.yidio.com/movie/the-drivetime/14064,the_drivetime
13835,TekWar: TekLords,https://www.yidio.com/movie/tekwar-teklords/13835,tekwar_teklords
13611,Kamen Rider J,https://www.yidio.com/movie/kamen-rider-j/13611,kamen_rider_j
13513,The Fantastic Four,https://www.yidio.com/movie/the-fantastic-four/13513,the_fantastic_four
13467,Cyborg 3: The Recycler,https://www.yidio.com/movie/cyborg-3-the-recycler/13467,cyborg_3_the_recycler
13439,"Class of Nuke 'Em High 3: The Good, the Bad and the Subhumanoid",https://www.yidio.com/movie/class-of-nuke-em-high-3-the-good-the-bad-and-the-subhumanoid/13439,class_of_nuke_em_high_3_the_good_the_bad_and_the_subhumanoid
13332,Zero Patience,https://www.yidio.com/movie/zero-patience/13332,zero_patience
13264,The Thief and the Cobbler,https://www.yidio.com/movie/the-thief-and-the-cobbler/13264,the_thief_and_the_cobbler
13213,The Secret Adventures of Tom Thumb,https://www.yidio.com/movie/the-secret-adventures-of-tom-thumb/13213,the_secret_adventures_of_tom_thumb
13185,Return to Frogtown,https://www.yidio.com/movie/return-to-frogtown/13185,return_to_frogtown
13184,Return of the Roller Blade Seven,https://www.yidio.com/movie/return-of-the-roller-blade-seven/13184,return_of_the_roller_blade_seven
13058,Kamen Rider ZO,https://www.yidio.com/movie/kamen-rider-zo/13058,kamen_rider_zo
12971,Fortress,https://www.yidio.com/movie/fortress/12971,fortress
12943,Executioners,https://www.yidio.com/movie/executioners/12943,executioners
12878,Carnosaur,https://www.yidio.com/movie/carnosaur/12878,carnosaur
12810,Alien Intruder,https://www.yidio.com/movie/alien-intruder/12810,alien_intruder
12723,Tetsuo II: Body Hammer,https://www.yidio.com/movie/tetsuo-ii-body-hammer/12723,tetsuo_ii_body_hammer
12445,Gayniggers from Outer Space,https://www.yidio.com/movie/gayniggers-from-outer-space/12445,gayniggers_from_outer_space
12271,Zeiram,https://www.yidio.com/movie/zeiram/12271,zeiram
12264,Xtro II: The Second Encounter,https://www.yidio.com/movie/xtro-ii-the-second-encounter/12264,xtro_ii_the_second_encounter
12253,Wax or the Discovery of Television Among the Bees,https://www.yidio.com/movie/wax-or-the-discovery-of-television-among-the-bees/12253,wax_or_the_discovery_of_television_among_the_bees
12249,Vegas in Space,https://www.yidio.com/movie/vegas-in-space/12249,vegas_in_space
12245,Until the End of the World,https://www.yidio.com/movie/until-the-end-of-the-world/12245,until_the_end_of_the_world
12159,Roujin Z,https://www.yidio.com/movie/roujin-z/12159,roujin_z
12124,Prayer of the Rollerboys,https://www.yidio.com/movie/prayer-of-the-rollerboys/12124,prayer_of_the_rollerboys
11998,Karate Cop,https://www.yidio.com/movie/karate-cop/11998,karate_cop
11922,Final Approach,https://www.yidio.com/movie/final-approach/11922,final_approach
3199,Latitude Zero,https://www.yidio.com/movie/latitude-zero/3199,latitude_zero
3141,Gamera vs. Guiron,https://www.yidio.com/movie/gamera-vs-guiron/3141,gamera_vs_guiron
2984,Voyage to the Planet of Prehistoric Women,https://www.yidio.com/movie/voyage-to-the-planet-of-prehistoric-women/2984,voyage_to_the_planet_of_prehistoric_women
2704,Charly,https://www.yidio.com/movie/charly/2704,charly
2687,The Blood Beast Terror,https://www.yidio.com/movie/the-blood-beast-terror/2687,the_blood_beast_terror
2669,The Astro-Zombies,https://www.yidio.com/movie/the-astro-zombies/2669,the_astro_zombies
2633,Yonggary,https://www.yidio.com/movie/yonggary/2633,yonggary
2580,The Terrornauts,https://www.yidio.com/movie/the-terrornauts/2580,the_terrornauts
2533,The Projected Man,https://www.yidio.com/movie/the-projected-man/2533,the_projected_man
2377,Electronic Labyrinth: THX 1138 4EB,https://www.yidio.com/movie/electronic-labyrinth-thx-1138-4eb/2377,electronic_labyrinth_thx_1138_4eb
2278,"Zontar, The Thing from Venus",https://www.yidio.com/movie/zontar-the-thing-from-venus/2278,zontar_the_thing_from_venus
2268,The Wild World of Batwoman,https://www.yidio.com/movie/the-wild-world-of-batwoman/2268,the_wild_world_of_batwoman
2089,"Jimmy, the Boy Wonder",https://www.yidio.com/movie/jimmy-the-boy-wonder/2089,jimmy_the_boy_wonder
2027,The Face of Another,https://www.yidio.com/movie/the-face-of-another/2027,the_face_of_another
1967,The Brides of Fu Manchu,https://www.yidio.com/movie/the-brides-of-fu-manchu/1967,the_brides_of_fu_manchu
1943,Around the World Under the Sea,https://www.yidio.com/movie/around-the-world-under-the-sea/1943,around_the_world_under_the_sea
1895,Vinyl,https://www.yidio.com/movie/vinyl/1895,vinyl
1894,Village of the Giants,https://www.yidio.com/movie/village-of-the-giants/1894,village_of_the_giants
1804,Pinocchio in Outer Space,https://www.yidio.com/movie/pinocchio-in-outer-space/1804,pinocchio_in_outer_space
1776,Night Caller from Outer Space,https://www.yidio.com/movie/night-caller-from-outer-space/1776,night_caller_from_outer_space
1766,Monster A Go-Go,https://www.yidio.com/movie/monster-a-go-go/1766,monster_a_go_go
1699,The Human Duplicators,https://www.yidio.com/movie/the-human-duplicators/1699,the_human_duplicators
1652,The Eye Creatures,https://www.yidio.com/movie/the-eye-creatures/1652,the_eye_creatures
1630,Curse of the Fly,https://www.yidio.com/movie/curse-of-the-fly/1630,curse_of_the_fly
1466,Samson and His Mighty Challenge,https://www.yidio.com/movie/samson-and-his-mighty-challenge/1466,samson_and_his_mighty_challenge
1412,Monstrosity,https://www.yidio.com/movie/monstrosity/1412,monstrosity
1369,Kiss Me Quick!,https://www.yidio.com/movie/kiss-me-quick/1369,kiss_me_quick
1287,Evil Brain from Outer Space,https://www.yidio.com/movie/evil-brain-from-outer-space/1287,evil_brain_from_outer_space
1259,The Creeping Terror,https://www.yidio.com/movie/the-creeping-terror/1259,the_creeping_terror
1217,Attack from Space,https://www.yidio.com/movie/attack-from-space/1217,attack_from_space
1216,Atomic Rulers of the World,https://www.yidio.com/movie/atomic-rulers-of-the-world/1216,atomic_rulers_of_the_world
1167,Twice-Told Tales,https://www.yidio.com/movie/twice-told-tales/1167,twice_told_tales
991,The Evil of Frankenstein,https://www.yidio.com/movie/the-evil-of-frankenstein/991,the_evil_of_frankenstein
499,Nude on the Moon,https://www.yidio.com/movie/nude-on-the-moon/499,nude_on_the_moon
477,Master of the World,https://www.yidio.com/movie/master-of-the-world/477,master_of_the_world
80,Dinosaurus!,https://www.yidio.com/movie/dinosaurus/80,dinosaurus
19936,S1m0ne,https://www.yidio.com/movie/s1m0ne/19936,s1m0ne
975,The Damned,https://www.yidio.com/movie/the-damned/975,the_damned
34933,The Butterfly Effect 3: Revelations,https://www.yidio.com/movie/the-butterfly-effect-3-revelations/34933,the_butterfly_effect_3_revelations
28771,The Pirates Who Don't Do Anything: A VeggieTales Movie,https://www.yidio.com/movie/the-pirates-who-dont-do-anything-a-veggietales-movie/28771,the_pirates_who_don_t_do_anything_a_veggietales_movie
29499,The Inhabited Island,https://www.yidio.com/movie/the-inhabited-island/29499,the_inhabited_island
14961,Rebirth of Mothra,https://www.yidio.com/movie/rebirth-of-mothra/14961,rebirth_of_mothra
15624,Rebirth of Mothra II,https://www.yidio.com/movie/rebirth-of-mothra-ii/15624,rebirth_of_mothra_ii
32928,Real: The Movie,https://www.yidio.com/movie/real-the-movie/32928,real_the_movie
22914,The Book of the Dead,https://www.yidio.com/movie/the-book-of-the-dead/22914,the_book_of_the_dead
23875,The Sacrifice,https://www.yidio.com/movie/the-sacrifice/23875,the_sacrifice
10157,The Caller,https://www.yidio.com/movie/the-caller/10157,the_caller
9909,The Hidden,https://www.yidio.com/movie/the-hidden/9909,the_hidden
8451,Cracking Up,https://www.yidio.com/movie/cracking-up/8451,cracking_up
1969,The Bubble,https://www.yidio.com/movie/the-bubble/1969,the_bubble
31717,Scrambled Beer,https://www.yidio.com/movie/scrambled-beer/31717,scrambled_beer
13849,Time Chasers,https://www.yidio.com/movie/time-chasers/13849,time_chasers
346,A Bomb Was Stolen,https://www.yidio.com/movie/a-bomb-was-stolen/346,a_bomb_was_stolen
1990,Cyborg 2087,https://www.yidio.com/movie/cyborg-2087/1990,cyborg_2087
5068,Teens in the Universe,https://www.yidio.com/movie/teens-in-the-universe/5068,teens_in_the_universe
5191,Croaked: Frog Monster from Hell,https://www.yidio.com/movie/croaked-frog-monster-from-hell/5191,croaked_frog_monster_from_hell
6132,Legend of Dinosaurs & Monster Birds,https://www.yidio.com/movie/legend-of-dinosaurs-monster-birds/6132,legend_of_dinosaurs_monster_birds
7001,Quintet,https://www.yidio.com/movie/quintet/7001,quintet
8378,"2019, After the Fall of New York",https://www.yidio.com/movie/2019-after-the-fall-of-new-york/8378,2019_after_the_fall_of_new_york
8745,Warrior of the Lost World,https://www.yidio.com/movie/warrior-of-the-lost-world/8745,warrior_of_the_lost_world
9117,Sexmission,https://www.yidio.com/movie/sexmission/9117,sexmission
9149,The Super Dimension Fortress Macross: Do You Remember Love?,https://www.yidio.com/movie/the-super-dimension-fortress-macross-do-you-remember-love/9149,the_super_dimension_fortress_macross_do_you_remember_love
10381,Days of Eclipse,https://www.yidio.com/movie/days-of-eclipse/10381,days_of_eclipse
10567,The Nest,https://www.yidio.com/movie/the-nest/10567,the_nest
13745,Puppet Master 5: The Final Chapter,https://www.yidio.com/movie/puppet-master-5-the-final-chapter/13745,puppet_master_5_the_final_chapter
15564,Nirvana,https://www.yidio.com/movie/nirvana/15564,nirvana
17385,Las Aventuras de Dios,https://www.yidio.com/movie/las-aventuras-de-dios/17385,las_aventuras_de_dios
22812,Ashura,https://www.yidio.com/movie/ashura/22812,ashura
19909,Resurrection of the Little Match Girl,https://www.yidio.com/movie/resurrection-of-the-little-match-girl/19909,resurrection_of_the_little_match_girl
9620,Underworld,https://www.yidio.com/movie/underworld/9620,underworld
7203,The Children,https://www.yidio.com/movie/the-children/7203,the_children
470,Man in Outer Space,https://www.yidio.com/movie/man-in-outer-space/470,man_in_outer_space
340,Battle of the Worlds,https://www.yidio.com/movie/battle-of-the-worlds/340,battle_of_the_worlds
2632,The X from Outer Space,https://www.yidio.com/movie/the-x-from-outer-space/2632,the_x_from_outer_space
9225,Angel's Egg,https://www.yidio.com/movie/angels-egg/9225,angel_s_egg
6856,Le gendarme et les extra-terrestres,https://www.yidio.com/movie/le-gendarme-et-les-extra-terrestres/6856,le_gendarme_et_les_extra_terrestres
8596,Metalstorm: The Destruction of Jared-Syn,https://www.yidio.com/movie/metalstorm-the-destruction-of-jared-syn/8596,metalstorm_the_destruction_of_jared_syn
12980,Future Cops,https://www.yidio.com/movie/future-cops/12980,future_cops
141,The Human Vapor,https://www.yidio.com/movie/the-human-vapor/141,the_human_vapor
321,The Absent-Minded Professor,https://www.yidio.com/movie/the-absent-minded-professor/321,the_absent_minded_professor
434,Invasion of the Neptune Men,https://www.yidio.com/movie/invasion-of-the-neptune-men/434,invasion_of_the_neptune_men
704,Gorath,https://www.yidio.com/movie/gorath/704,gorath
1853,Star Pilot,https://www.yidio.com/movie/star-pilot/1853,star_pilot
2355,Danger!! Death Ray,https://www.yidio.com/movie/danger-death-ray/2355,danger_death_ray
2821,Kong Island,https://www.yidio.com/movie/kong-island/2821,kong_island
8216,The New Barbarians,https://www.yidio.com/movie/the-new-barbarians/8216,the_new_barbarians
34932,First Squad,https://www.yidio.com/movie/first-squad/34932,first_squad
8398,The Atlantis Interceptors,https://www.yidio.com/movie/the-atlantis-interceptors/8398,the_atlantis_interceptors
8639,Pod People,https://www.yidio.com/movie/pod-people/8639,pod_people
9357,Future-Kill,https://www.yidio.com/movie/future-kill/9357,future_kill
9420,The Knight of the Dragon,https://www.yidio.com/movie/the-knight-of-the-dragon/9420,the_knight_of_the_dragon
30887,Spring and Chaos,https://www.yidio.com/movie/spring-and-chaos/30887,spring_and_chaos
10948,A Grand Day Out,https://www.yidio.com/movie/a-grand-day-out/10948,a_grand_day_out
11857,Critters 3,https://www.yidio.com/movie/critters-3/11857,critters_3
14898,Naked Blood,https://www.yidio.com/movie/naked-blood/14898,naked_blood
19958,Second Time Around,https://www.yidio.com/movie/second-time-around/19958,second_time_around
22753,Alien Invasion Arizona,https://www.yidio.com/movie/alien-invasion-arizona/22753,alien_invasion_arizona
23238,Funky Forest,https://www.yidio.com/movie/funky-forest/23238,funky_forest
23312,Heaven's Soldiers,https://www.yidio.com/movie/heavens-soldiers/23312,heaven_s_soldiers
25347,Nihon Igai Zenbu Chinbotsu,https://www.yidio.com/movie/nihon-igai-zenbu-chinbotsu/25347,nihon_igai_zenbu_chinbotsu
25642,Silk,https://www.yidio.com/movie/silk/25642,silk
25729,The Sword Bearer,https://www.yidio.com/movie/the-sword-bearer/25729,the_sword_bearer
25842,The Ugly Swans,https://www.yidio.com/movie/the-ugly-swans/25842,the_ugly_swans
26956,Mil Mascaras Resurrection,https://www.yidio.com/movie/mil-mascaras-resurrection/26956,mil_mascaras_resurrection
30948,Pulse,https://www.yidio.com/movie/pulse/30948,pulse
27550,Used Guys,https://www.yidio.com/movie/used-guys/27550,used_guys
33165,Behemoth,https://www.yidio.com/movie/behemoth/33165,behemoth
32858,Dinoshark,https://www.yidio.com/movie/dinoshark/32858,dinoshark
26141,The Beginning,https://www.yidio.com/movie/the-beginning/26141,the_beginning
24564,Cicak Man,https://www.yidio.com/movie/cicak-man/24564,cicak_man
16215,More,https://www.yidio.com/movie/more/16215,more
15755,Velocity Trap,https://www.yidio.com/movie/velocity-trap/15755,velocity_trap
14763,Hellraiser IV: Bloodline,https://www.yidio.com/movie/hellraiser-iv-bloodline/14763,hellraiser_iv_bloodline
13557,Guyver: Dark Hero,https://www.yidio.com/movie/guyver-dark-hero/13557,guyver_dark_hero
7457,Saturn 3,https://www.yidio.com/movie/saturn-3/7457,saturn_3
5458,The Super Inframan,https://www.yidio.com/movie/the-super-inframan/5458,the_super_inframan
23126,Dreamland,https://www.yidio.com/movie/dreamland/23126,dreamland
35590,Razortooth,https://www.yidio.com/movie/razortooth/35590,razortooth
8195,Megaville,https://www.yidio.com/movie/megaville/8195,megaville
2597,Ultraman,https://www.yidio.com/movie/ultraman/2597,ultraman
35115,7 Angels in Eden,https://www.yidio.com/movie/7-angels-in-eden/35115,7_angels_in_eden
35404,Journey to Promethea,https://www.yidio.com/movie/journey-to-promethea/35404,journey_to_promethea
35409,Brain Twisters,https://www.yidio.com/movie/brain-twisters/35409,brain_twisters
35138,Amazon Warrior,https://www.yidio.com/movie/amazon-warrior/35138,amazon_warrior
35454,The Source of the Secret,https://www.yidio.com/movie/the-source-of-the-secret/35454,the_source_of_the_secret
35365,Ghost Warrior,https://www.yidio.com/movie/ghost-warrior/35365,ghost_warrior
30418,The Land That Time Forgot,https://www.yidio.com/movie/the-land-that-time-forgot/30418,the_land_that_time_forgot
35555,Psycho a Go-Go,https://www.yidio.com/movie/psycho-a-go-go/35555,psycho_a_go_go
36084,World on a Wire,https://www.yidio.com/movie/world-on-a-wire/36084,world_on_a_wire
36266,Contaminated Man,https://www.yidio.com/movie/contaminated-man/36266,contaminated_man
28950,Sleep Dealer,https://www.yidio.com/movie/sleep-dealer/28950,sleep_dealer
36519,Blood: The Last Vampire,https://www.yidio.com/movie/blood-the-last-vampire/36519,blood_the_last_vampire
36735,Paranormal Incident,https://www.yidio.com/movie/paranormal-incident/36735,paranormal_incident
36786,The Ape Man,https://www.yidio.com/movie/the-ape-man/36786,the_ape_man
36985,Action Replayy,https://www.yidio.com/movie/action-replayy/36985,action_replayy
36994,Mutant Girls Squad,https://www.yidio.com/movie/mutant-girls-squad/36994,mutant_girls_squad
37049,The Last Days of the World,https://www.yidio.com/movie/the-last-days-of-the-world/37049,the_last_days_of_the_world
37080,Race,https://www.yidio.com/movie/race/37080,race
37116,Mad About Men,https://www.yidio.com/movie/mad-about-men/37116,mad_about_men
37183,Missile to the Moon,https://www.yidio.com/movie/missile-to-the-moon/37183,missile_to_the_moon
37328,The Corridor,https://www.yidio.com/movie/the-corridor/37328,the_corridor
37431,Edges of Darkness,https://www.yidio.com/movie/edges-of-darkness/37431,edges_of_darkness
37637,The Yakuza and the Mermaid,https://www.yidio.com/movie/the-yakuza-and-the-mermaid/37637,the_yakuza_and_the_mermaid
37782,The Dead Undead,https://www.yidio.com/movie/the-dead-undead/37782,the_dead_undead
16388,Six-String Samurai,https://www.yidio.com/movie/six-string-samurai/16388,six_string_samurai
36100,The Frog Prince,https://www.yidio.com/movie/the-frog-prince/36100,the_frog_prince
38108,Karate-Robo Zaborgar,https://www.yidio.com/movie/karate-robo-zaborgar/38108,karate_robo_zaborgar
38079,Generation P,https://www.yidio.com/movie/generation-p/38079,generation_p
38221,The Mystical Law,https://www.yidio.com/movie/the-mystical-law/38221,the_mystical_law
16069,The Hole: 2000 Seen By ...,https://www.yidio.com/movie/the-hole-2000-seen-by/16069,the_hole_2000_seen_by
38559,Android Insurrection,https://www.yidio.com/movie/android-insurrection/38559,android_insurrection
38689,King of Thorn,https://www.yidio.com/movie/king-of-thorn/38689,king_of_thorn
38718,City Under Siege,https://www.yidio.com/movie/city-under-siege/38718,city_under_siege
38798,Meteor,https://www.yidio.com/movie/meteor/38798,meteor
38803,The Man From Beijing,https://www.yidio.com/movie/the-man-from-beijing/38803,the_man_from_beijing
38815,The Appearance of a Man,https://www.yidio.com/movie/the-appearance-of-a-man/38815,the_appearance_of_a_man
38905,The Asphyx,https://www.yidio.com/movie/the-asphyx/38905,the_asphyx
38942,Dr. Orloff's Monster,https://www.yidio.com/movie/dr-orloffs-monster/38942,dr_orloff_s_monster
38948,Zeta One,https://www.yidio.com/movie/zeta-one/38948,zeta_one
38962,Alien Dawn,https://www.yidio.com/movie/alien-dawn/38962,alien_dawn
39047,Seeds of Destruction,https://www.yidio.com/movie/seeds-of-destruction/39047,seeds_of_destruction
39060,Stingray Sam,https://www.yidio.com/movie/stingray-sam/39060,stingray_sam
39097,Starcrossed,https://www.yidio.com/movie/starcrossed/39097,starcrossed
39160,Legend of the Millennium Dragon,https://www.yidio.com/movie/legend-of-the-millennium-dragon/39160,legend_of_the_millennium_dragon
39364,Feeding Grounds,https://www.yidio.com/movie/feeding-grounds/39364,feeding_grounds
39389,Hangar 18,https://www.yidio.com/movie/hangar-18/39389,hangar_18
39393,Outerworld,https://www.yidio.com/movie/outerworld/39393,outerworld
39409,Antiviral,https://www.yidio.com/movie/antiviral/39409,antiviral
39470,Errors of the Human Body,https://www.yidio.com/movie/errors-of-the-human-body/39470,errors_of_the_human_body
39517,Life Tracker,https://www.yidio.com/movie/life-tracker/39517,life_tracker
39518,Hamesima X,https://www.yidio.com/movie/hamesima-x/39518,hamesima_x
39817,Hercules vs. Moloch,https://www.yidio.com/movie/hercules-vs-moloch/39817,hercules_vs_moloch
39826,The Wall,https://www.yidio.com/movie/the-wall/39826,the_wall
40015,Extinction,https://www.yidio.com/movie/extinction/40015,extinction
40225,Atomic Brain Invasion,https://www.yidio.com/movie/atomic-brain-invasion/40225,atomic_brain_invasion
40376,Star Slammer,https://www.yidio.com/movie/star-slammer/40376,star_slammer
40472,Defcon 2012,https://www.yidio.com/movie/defcon-2012/40472,defcon_2012
40536,Rocketship X-M,https://www.yidio.com/movie/rocketship-x-m/40536,rocketship_x_m
40283,Scourge,https://www.yidio.com/movie/scourge/40283,scourge
40669,Crime Zone,https://www.yidio.com/movie/crime-zone/40669,crime_zone
40846,Away Awake,https://www.yidio.com/movie/away-awake/40846,away_awake
40856,Woman In The Moon,https://www.yidio.com/movie/woman-in-the-moon/40856,woman_in_the_moon
40871,Dark Metropolis,https://www.yidio.com/movie/dark-metropolis/40871,dark_metropolis
35098,Fist of the North Star,https://www.yidio.com/movie/fist-of-the-north-star/35098,fist_of_the_north_star
40957,Zone 39,https://www.yidio.com/movie/zone-39/40957,zone_39
41013,Atom Nine,https://www.yidio.com/movie/atom-nine/41013,atom_nine
41058,Devil Girl from Mars,https://www.yidio.com/movie/devil-girl-from-mars/41058,devil_girl_from_mars
41240,Nightscape: Dark Reign of Thanatos,https://www.yidio.com/movie/nightscape-dark-reign-of-thanatos/41240,nightscape_dark_reign_of_thanatos
41267,The Second Best Science Fiction Movie Ever Made,https://www.yidio.com/movie/the-second-best-science-fiction-movie-ever-made/41267,the_second_best_science_fiction_movie_ever_made
41270,Invasion of the Girl Snatchers,https://www.yidio.com/movie/invasion-of-the-girl-snatchers/41270,invasion_of_the_girl_snatchers
41347,After the Dawn,https://www.yidio.com/movie/after-the-dawn/41347,after_the_dawn
41483,Destination Inner Space,https://www.yidio.com/movie/destination-inner-space/41483,destination_inner_space
41727,Flashback,https://www.yidio.com/movie/flashback/41727,flashback
41728,Shadowland: The Legend,https://www.yidio.com/movie/shadowland-the-legend/41728,shadowland_the_legend
41882,Aelita,https://www.yidio.com/movie/aelita/41882,aelita
41944,Iodine,https://www.yidio.com/movie/iodine/41944,iodine
42090,Gintama: The Movie,https://www.yidio.com/movie/gintama-the-movie/42090,gintama_the_movie
42116,"It's Me, It's Me",https://www.yidio.com/movie/its-me-its-me/42116,it_s_me_it_s_me
42283,11 A.M.,https://www.yidio.com/movie/11-am/42283,11_a_m
5464,Terror of Mechagodzilla,https://www.yidio.com/movie/terror-of-mechagodzilla/5464,terror_of_mechagodzilla
42381,Meltdown: Days of Destruction,https://www.yidio.com/movie/meltdown-days-of-destruction/42381,meltdown_days_of_destruction
21792,The Forgotten,https://www.yidio.com/movie/the-forgotten/21792,the_forgotten
42654,Horror in the Wind,https://www.yidio.com/movie/horror-in-the-wind/42654,horror_in_the_wind
22278,Phil the Alien,https://www.yidio.com/movie/phil-the-alien/22278,phil_the_alien
21057,RahXephon: Pluralitas Concentio,https://www.yidio.com/movie/rahxephon-pluralitas-concentio/21057,rahxephon_pluralitas_concentio
35799,Freezer Burn,https://www.yidio.com/movie/freezer-burn/35799,freezer_burn
42916,Proteus,https://www.yidio.com/movie/proteus/42916,proteus
42917,Robotropolis,https://www.yidio.com/movie/robotropolis/42917,robotropolis
43031,Woman Eater,https://www.yidio.com/movie/woman-eater/43031,woman_eater
1628,Crack in the World,https://www.yidio.com/movie/crack-in-the-world/1628,crack_in_the_world
43399,Slices,https://www.yidio.com/movie/slices/43399,slices
43470,Narcosys,https://www.yidio.com/movie/narcosys/43470,narcosys
43524,Transatlantic Tunnel,https://www.yidio.com/movie/transatlantic-tunnel/43524,transatlantic_tunnel
30525,Planet Outlaws,https://www.yidio.com/movie/planet-outlaws/30525,planet_outlaws
43538,Lavender,https://www.yidio.com/movie/lavender/43538,lavender
43571,Almost Human,https://www.yidio.com/movie/almost-human/43571,almost_human
43643,Mysterious Island,https://www.yidio.com/movie/mysterious-island/43643,mysterious_island
43728,Knight Chills,https://www.yidio.com/movie/knight-chills/43728,knight_chills
43811,Parasite Dolls,https://www.yidio.com/movie/parasite-dolls/43811,parasite_dolls
43814,1313: Bermuda Triangle,https://www.yidio.com/movie/1313-bermuda-triangle/43814,1313_bermuda_triangle
43816,Frankensteer,https://www.yidio.com/movie/frankensteer/43816,frankensteer
43852,The Monitors,https://www.yidio.com/movie/the-monitors/43852,the_monitors
43775,War of the Worlds: Goliath,https://www.yidio.com/movie/war-of-the-worlds-goliath/43775,war_of_the_worlds_goliath
43907,Tiger & Bunny: The Rising,https://www.yidio.com/movie/tiger-bunny-the-rising/43907,tiger_bunny_the_rising
44120,Expiration,https://www.yidio.com/movie/expiration/44120,expiration
44526,Astronaut: The Last Push,https://www.yidio.com/movie/astronaut-the-last-push/44526,astronaut_the_last_push
42614,Transcendence,https://www.yidio.com/movie/transcendence/42614,transcendence
44635,Tiramisu,https://www.yidio.com/movie/tiramisu/44635,tiramisu
44704,Gila,https://www.yidio.com/movie/gila/44704,gila
44710,Cemetery Gates,https://www.yidio.com/movie/cemetery-gates/44710,cemetery_gates
44729,Assassin,https://www.yidio.com/movie/assassin/44729,assassin
44745,Blade of the Phantom Master: Shin Angyo Onshi,https://www.yidio.com/movie/blade-of-the-phantom-master-shin-angyo-onshi/44745,blade_of_the_phantom_master_shin_angyo_onshi
44697,Altered States of Plaine,https://www.yidio.com/movie/altered-states-of-plaine/44697,altered_states_of_plaine
44810,Time Again,https://www.yidio.com/movie/time-again/44810,time_again
44832,Unidentified,https://www.yidio.com/movie/unidentified/44832,unidentified
44953,Dark Watchers: The Women in Black,https://www.yidio.com/movie/dark-watchers-the-women-in-black/44953,dark_watchers_the_women_in_black
45107,Puff the Magic Dragon in the Land of Living Lies,https://www.yidio.com/movie/puff-the-magic-dragon-in-the-land-of-living-lies/45107,puff_the_magic_dragon_in_the_land_of_living_lies
299,Visit to a Small Planet,https://www.yidio.com/movie/visit-to-a-small-planet/299,visit_to_a_small_planet
32219,Awaken the Dead,https://www.yidio.com/movie/awaken-the-dead/32219,awaken_the_dead
19457,Don't Ask Don't Tell,https://www.yidio.com/movie/dont-ask-dont-tell/19457,don_t_ask_don_t_tell
45214,Dust Of War,https://www.yidio.com/movie/dust-of-war/45214,dust_of_war
45302,Frozen Alive,https://www.yidio.com/movie/frozen-alive/45302,frozen_alive
45316,Pokemon the Movie: Kyurem vs. The Sword of Justice,https://www.yidio.com/movie/pokemon-the-movie-kyurem-vs-the-sword-of-justice/45316,pokemon_the_movie_kyurem_vs_the_sword_of_justice
45526,Codependent Lesbian Space Alien Seeks Same,https://www.yidio.com/movie/codependent-lesbian-space-alien-seeks-same/45526,codependent_lesbian_space_alien_seeks_same
46058,Alien Agenda: Project Grey,https://www.yidio.com/movie/alien-agenda-project-grey/46058,alien_agenda_project_grey
46145,War of the Robots,https://www.yidio.com/movie/war-of-the-robots/46145,war_of_the_robots
46270,War Gods of the Deep,https://www.yidio.com/movie/war-gods-of-the-deep/46270,war_gods_of_the_deep
46382,Lovelorn,https://www.yidio.com/movie/lovelorn/46382,lovelorn
46428,Biohazardous,https://www.yidio.com/movie/biohazardous/46428,biohazardous
46462,The People Who Own The Dark,https://www.yidio.com/movie/the-people-who-own-the-dark/46462,the_people_who_own_the_dark
46595,The Maze,https://www.yidio.com/movie/the-maze/46595,the_maze
46632,Dark Island,https://www.yidio.com/movie/dark-island/46632,dark_island
46838,Unknown Island,https://www.yidio.com/movie/unknown-island/46838,unknown_island
46884,The Man Without a Body,https://www.yidio.com/movie/the-man-without-a-body/46884,the_man_without_a_body
38882,Year of the Fish,https://www.yidio.com/movie/year-of-the-fish/38882,year_of_the_fish
42589,After Death,https://www.yidio.com/movie/after-death/42589,after_death
47121,Precious Find,https://www.yidio.com/movie/precious-find/47121,precious_find
40511,Sky Racket,https://www.yidio.com/movie/sky-racket/40511,sky_racket
39812,Rodentz,https://www.yidio.com/movie/rodentz/39812,rodentz
47362,Giants Of Thessaly,https://www.yidio.com/movie/giants-of-thessaly/47362,giants_of_thessaly
47486,95ers: Time Runners,https://www.yidio.com/movie/95ers-time-runners/47486,95ers_time_runners
47626,The Brain Machine,https://www.yidio.com/movie/the-brain-machine/47626,the_brain_machine
47712,Death of a Ninja,https://www.yidio.com/movie/death-of-a-ninja/47712,death_of_a_ninja
47720,Return Of The Ape Man,https://www.yidio.com/movie/return-of-the-ape-man/47720,return_of_the_ape_man
29348,Click,https://www.yidio.com/movie/click/29348,click
47865,Planzet,https://www.yidio.com/movie/planzet/47865,planzet
46984,Extraterrestrial,https://www.yidio.com/movie/extraterrestrial/46984,extraterrestrial
47999,Sleeper,https://www.yidio.com/movie/sleeper/47999,sleeper
35320,Digital Man,https://www.yidio.com/movie/digital-man/35320,digital_man
32723,Mutant Species,https://www.yidio.com/movie/mutant-species/32723,mutant_species
8876,The Cold Room,https://www.yidio.com/movie/the-cold-room/8876,the_cold_room
48541,Savior,https://www.yidio.com/movie/savior/48541,savior
48564,LFO: The Movie,https://www.yidio.com/movie/lfo-the-movie/48564,lfo_the_movie
48640,The Phoenix Project,https://www.yidio.com/movie/the-phoenix-project/48640,the_phoenix_project
48878,The Atomic City,https://www.yidio.com/movie/the-atomic-city/48878,the_atomic_city
49024,Prototype,https://www.yidio.com/movie/prototype/49024,prototype
48979,Legends From the Sky,https://www.yidio.com/movie/legends-from-the-sky/48979,legends_from_the_sky
49522,Ejecta,https://www.yidio.com/movie/ejecta/49522,ejecta
50465,World of Tomorrow,https://www.yidio.com/movie/world-of-tomorrow/50465,world_of_tomorrow
30908,Invasion,https://www.yidio.com/movie/invasion/30908,invasion
50604,Monsters: Dark Continent,https://www.yidio.com/movie/monsters-dark-continent/50604,monsters_dark_continent
50811,LovecraCked! The Movie,https://www.yidio.com/movie/lovecracked-the-movie/50811,lovecracked_the_movie
51110,Dimensions,https://www.yidio.com/movie/dimensions/51110,dimensions
51187,Baikonur,https://www.yidio.com/movie/baikonur/51187,baikonur
51196,Fullmetal Alchemist: The Sacred Star of Milos,https://www.yidio.com/movie/fullmetal-alchemist-the-sacred-star-of-milos/51196,fullmetal_alchemist_the_sacred_star_of_milos
51242,Shock Attack,https://www.yidio.com/movie/shock-attack/51242,shock_attack
51377,Silencers,https://www.yidio.com/movie/silencers/51377,silencers
15088,Unforgettable,https://www.yidio.com/movie/unforgettable/15088,unforgettable
51679,Expelled from Paradise,https://www.yidio.com/movie/expelled-from-paradise/51679,expelled_from_paradise
51733,009-1: The End of the Beginning,https://www.yidio.com/movie/009-1-the-end-of-the-beginning/51733,009_1_the_end_of_the_beginning
21031,Pokemon: Jirachi Wish Maker,https://www.yidio.com/movie/pokemon-jirachi-wish-maker/21031,pokemon_jirachi_wish_maker
52018,Advantageous,https://www.yidio.com/movie/advantageous/52018,advantageous
52246,Space Children,https://www.yidio.com/movie/space-children/52246,space_children
52506,Dawn of the Crescent Moon,https://www.yidio.com/movie/dawn-of-the-crescent-moon/52506,dawn_of_the_crescent_moon
52784,Time Barbarians,https://www.yidio.com/movie/time-barbarians/52784,time_barbarians
52815,Bacon Head,https://www.yidio.com/movie/bacon-head/52815,bacon_head
52820,Alien Blood,https://www.yidio.com/movie/alien-blood/52820,alien_blood
52822,Space Zombie Bingo,https://www.yidio.com/movie/space-zombie-bingo/52822,space_zombie_bingo
52824,Nightmare Weekend,https://www.yidio.com/movie/nightmare-weekend/52824,nightmare_weekend
52837,Invasion of the Space Preachers,https://www.yidio.com/movie/invasion-of-the-space-preachers/52837,invasion_of_the_space_preachers
53117,Time Warrior,https://www.yidio.com/movie/time-warrior/53117,time_warrior
53240,Another Kind,https://www.yidio.com/movie/another-kind/53240,another_kind
54156,Ghost Tears,https://www.yidio.com/movie/ghost-tears/54156,ghost_tears
54157,Ghost Pain,https://www.yidio.com/movie/ghost-pain/54157,ghost_pain
54658,Sexy Rangers,https://www.yidio.com/movie/sexy-rangers/54658,sexy_rangers
54824,Terrorvision,https://www.yidio.com/movie/terrorvision/54824,terrorvision
54882,The Brain,https://www.yidio.com/movie/the-brain/54882,the_brain
54892,Patrick,https://www.yidio.com/movie/patrick/54892,patrick
54909,Princess Warrior,https://www.yidio.com/movie/princess-warrior/54909,princess_warrior
54992,Eye of the Serpent,https://www.yidio.com/movie/eye-of-the-serpent/54992,eye_of_the_serpent
55004,Rock n Roll Space Patrol,https://www.yidio.com/movie/rock-n-roll-space-patrol/55004,rock_n_roll_space_patrol
55007,Narcopolis,https://www.yidio.com/movie/narcopolis/55007,narcopolis
55034,Spawn Of The Slithis,https://www.yidio.com/movie/spawn-of-the-slithis/55034,spawn_of_the_slithis
55046,Outlaw Prophet,https://www.yidio.com/movie/outlaw-prophet/55046,outlaw_prophet
55065,Unearthed,https://www.yidio.com/movie/unearthed/55065,unearthed
55222,Malevil,https://www.yidio.com/movie/malevil/55222,malevil
55246,Galaxy Invader,https://www.yidio.com/movie/galaxy-invader/55246,galaxy_invader
55358,The Brainiac,https://www.yidio.com/movie/the-brainiac/55358,the_brainiac
55434,Lady and The Monster,https://www.yidio.com/movie/lady-and-the-monster/55434,lady_and_the_monster
55284,The Diabolical,https://www.yidio.com/movie/the-diabolical/55284,the_diabolical
55292,OzLand,https://www.yidio.com/movie/ozland/55292,ozland
55484,Crumbs,https://www.yidio.com/movie/crumbs/55484,crumbs
55796,Kung Fury,https://www.yidio.com/movie/kung-fury/55796,kung_fury
55932,Dead Country,https://www.yidio.com/movie/dead-country/55932,dead_country
56007,I Married a Monster from Outer Space,https://www.yidio.com/movie/i-married-a-monster-from-outer-space/56007,i_married_a_monster_from_outer_space
56640,Boy & the World,https://www.yidio.com/movie/boy-the-world/56640,boy_the_world
56661,The Avenging Fist,https://www.yidio.com/movie/the-avenging-fist/56661,the_avenging_fist
56767,Army of the Dead,https://www.yidio.com/movie/army-of-the-dead/56767,army_of_the_dead
57052,The Pinkie,https://www.yidio.com/movie/the-pinkie/57052,the_pinkie
57076,It Came From Yesterday,https://www.yidio.com/movie/it-came-from-yesterday/57076,it_came_from_yesterday
57304,Lazer Team,https://www.yidio.com/movie/lazer-team/57304,lazer_team
57476,Halo 4: Forward Unto Dawn,https://www.yidio.com/movie/halo-4-forward-unto-dawn/57476,halo_4_forward_unto_dawn
57480,Dead Sea,https://www.yidio.com/movie/dead-sea/57480,dead_sea
57520,Report 51,https://www.yidio.com/movie/report-51/57520,report_51
57818,Toward the Terra,https://www.yidio.com/movie/toward-the-terra/57818,toward_the_terra
57962,Genocide,https://www.yidio.com/movie/genocide/57962,genocide
58077,End of Animal,https://www.yidio.com/movie/end-of-animal/58077,end_of_animal
58248,They Crawl,https://www.yidio.com/movie/they-crawl/58248,they_crawl
58297,Creative Control,https://www.yidio.com/movie/creative-control/58297,creative_control
58551,Second Nature,https://www.yidio.com/movie/second-nature/58551,second_nature
58686,The Easter Bunny Is Comin' to Town,https://www.yidio.com/movie/the-easter-bunny-is-comin-to-town/58686,the_easter_bunny_is_comin_to_town
59469,Time Kid,https://www.yidio.com/movie/time-kid/59469,time_kid
59477,The Sender,https://www.yidio.com/movie/the-sender/59477,the_sender
59597,Before the Fall,https://www.yidio.com/movie/before-the-fall/59597,before_the_fall
59716,Fiend Without a Face,https://www.yidio.com/movie/fiend-without-a-face/59716,fiend_without_a_face
59728,The Model Couple,https://www.yidio.com/movie/the-model-couple/59728,the_model_couple
60011,T-Force,https://www.yidio.com/movie/t-force/60011,t_force
60173,Dreamland,https://www.yidio.com/movie/dreamland/60173,dreamland
60226,Attack of the Gryphon,https://www.yidio.com/movie/attack-of-the-gryphon/60226,attack_of_the_gryphon
60373,Cyclops,https://www.yidio.com/movie/cyclops/60373,cyclops
60498,Another,https://www.yidio.com/movie/another/60498,another
60764,The Call Up,https://www.yidio.com/movie/the-call-up/60764,the_call_up
60936,The Bowery Boys Meet the Monsters,https://www.yidio.com/movie/the-bowery-boys-meet-the-monsters/60936,the_bowery_boys_meet_the_monsters
61008,Five,https://www.yidio.com/movie/five/61008,five
60895,The Sector,https://www.yidio.com/movie/the-sector/60895,the_sector
61055,All Superheroes Must Die 2: The Last Superhero,https://www.yidio.com/movie/all-superheroes-must-die-2-the-last-superhero/61055,all_superheroes_must_die_2_the_last_superhero
61202,Demon Pond,https://www.yidio.com/movie/demon-pond/61202,demon_pond
61228,The Neanderthal Man,https://www.yidio.com/movie/the-neanderthal-man/61228,the_neanderthal_man
61344,The Cell 2,https://www.yidio.com/movie/the-cell-2/61344,the_cell_2
61508,Can of Worms,https://www.yidio.com/movie/can-of-worms/61508,can_of_worms
61681,Parts Per Billion,https://www.yidio.com/movie/parts-per-billion/61681,parts_per_billion
61902,The Midnight After,https://www.yidio.com/movie/the-midnight-after/61902,the_midnight_after
61915,The Lost Future,https://www.yidio.com/movie/the-lost-future/61915,the_lost_future
61939,The Man From Ruin,https://www.yidio.com/movie/the-man-from-ruin/61939,the_man_from_ruin
62097,Chatty Catties,https://www.yidio.com/movie/chatty-catties/62097,chatty_catties
62425,ARQ,https://www.yidio.com/movie/arq/62425,arq
62532,Scintilla,https://www.yidio.com/movie/scintilla/62532,scintilla
62922,Project X,https://www.yidio.com/movie/project-x/62922,project_x
62994,Daybreak,https://www.yidio.com/movie/daybreak/62994,daybreak
63062,Nukie,https://www.yidio.com/movie/nukie/63062,nukie
68942,Kanavu Variyam,https://www.yidio.com/movie/kanavu-variyam/68942,kanavu_variyam
70436,The Irregular at Magic High School The Movie: The Girl Who Calls the Stars,https://www.yidio.com/movie/the-irregular-at-magic-high-school-the-movie-the-girl-who-calls-the-stars/70436,the_irregular_at_magic_high_school_the_movie_the_girl_who_calls_the_stars
70776,Pirates Of Tortuga- Under The Black Flag,https://www.yidio.com/movie/pirates-of-tortuga-under-the-black-flag/70776,pirates_of_tortuga_under_the_black_flag
71304,Birdemic 2 - The Resurrection,https://www.yidio.com/movie/birdemic-2-the-resurrection/71304,birdemic_2_the_resurrection
72200,Stasis,https://www.yidio.com/movie/stasis/72200,stasis
72557,Realive,https://www.yidio.com/movie/realive/72557,realive
73266,OtherLife,https://www.yidio.com/movie/otherlife/73266,otherlife
73325,Mr. Drake's Duck,https://www.yidio.com/movie/mr-drakes-duck/73325,mr_drake_s_duck
7357,Kremmen: The Movie,https://www.yidio.com/movie/kremmen-the-movie/7357,kremmen_the_movie
106178,The White King,https://www.yidio.com/movie/the-white-king/106178,the_white_king
26564,The Gene Generation,https://www.yidio.com/movie/the-gene-generation/26564,the_gene_generation
121143,Project Eden: Vol. I,https://www.yidio.com/movie/project-eden-vol-i/121143,project_eden_vol_i
66449,Rise of the Dinosaurs,https://www.yidio.com/movie/rise-of-the-dinosaurs/66449,rise_of_the_dinosaurs
4623,Shirley Thompson vs. the Aliens,https://www.yidio.com/movie/shirley-thompson-vs-the-aliens/4623,shirley_thompson_vs_the_aliens
124721,Wastelander,https://www.yidio.com/movie/wastelander/124721,wastelander
125701,El Xendra,https://www.yidio.com/movie/el-xendra/125701,el_xendra
125711,La Mujer Mas Fea Del Mundo,https://www.yidio.com/movie/la-mujer-mas-fea-del-mundo/125711,la_mujer_mas_fea_del_mundo
106189,The Rift: Dark Side of the Moon,https://www.yidio.com/movie/the-rift-dark-side-of-the-moon/106189,the_rift_dark_side_of_the_moon
128450,Kalki,https://www.yidio.com/movie/kalki/128450,kalki
129875,Manhunt of Mystery Island,https://www.yidio.com/movie/manhunt-of-mystery-island/129875,manhunt_of_mystery_island
130405,The Humanity Bureau,https://www.yidio.com/movie/the-humanity-bureau/130405,the_humanity_bureau
130414,d.gomez x m.ramirez x big jay - cortale Prod S0,https://www.yidio.com/movie/dgomez-x-mramirez-x-big-jay-cortale-prod-s0/130414,d_gomez_x_m_ramirez_x_big_jay_cortale_prod_s0
137587,King of the Rocket Men,https://www.yidio.com/movie/king-of-the-rocket-men/137587,king_of_the_rocket_men
137654,Genesis,https://www.yidio.com/movie/genesis/137654,genesis
139949,Lazer Team 2,https://www.yidio.com/movie/lazer-team-2/139949,lazer_team_2
140182,Higher Power,https://www.yidio.com/movie/higher-power/140182,higher_power
141510,The Black Room,https://www.yidio.com/movie/the-black-room/141510,the_black_room
141822,The Incubus,https://www.yidio.com/movie/the-incubus/141822,the_incubus
145280,Beta,https://www.yidio.com/movie/beta/145280,beta
145532,Hungerford,https://www.yidio.com/movie/hungerford/145532,hungerford
145533,The Darkest Dawn,https://www.yidio.com/movie/the-darkest-dawn/145533,the_darkest_dawn
145793,Hover,https://www.yidio.com/movie/hover/145793,hover
149801,Occupation,https://www.yidio.com/movie/occupation/149801,occupation
151295,Deep Red,https://www.yidio.com/movie/deep-red/151295,deep_red
105287,Abduction,https://www.yidio.com/movie/abduction/105287,abduction
151729,Phantom,https://www.yidio.com/movie/phantom/151729,phantom
152285,Elizabeth Harvest,https://www.yidio.com/movie/elizabeth-harvest/152285,elizabeth_harvest
67802,Robot Revolution,https://www.yidio.com/movie/robot-revolution/67802,robot_revolution
67509,Through the Lens,https://www.yidio.com/movie/through-the-lens/67509,through_the_lens
162039,Paralysis,https://www.yidio.com/movie/paralysis/162039,paralysis
165222,The Void,https://www.yidio.com/movie/the-void/165222,the_void
64126,"UFOTV Presents: Clash of the Geniuses, Inventing the Impossible",https://www.yidio.com/movie/ufotv-presents-clash-of-the-geniuses-inventing-the-impossible/64126,ufotv_presents_clash_of_the_geniuses_inventing_the_impossible
167396,Death Kappa,https://www.yidio.com/movie/death-kappa/167396,death_kappa
171029,The Robot vs. the Aztec Mummy,https://www.yidio.com/movie/the-robot-vs-the-aztec-mummy/171029,the_robot_vs_the_aztec_mummy
171036,The Walking Dead,https://www.yidio.com/movie/the-walking-dead/171036,the_walking_dead
171445,The Heart of the World,https://www.yidio.com/movie/the-heart-of-the-world/171445,the_heart_of_the_world
174195,Prospect,https://www.yidio.com/movie/prospect/174195,prospect
175593,The Mysterious Island,https://www.yidio.com/movie/the-mysterious-island/175593,the_mysterious_island
175598,The Frozen Dead,https://www.yidio.com/movie/the-frozen-dead/175598,the_frozen_dead
175600,Carny,https://www.yidio.com/movie/carny/175600,carny
175727,SS Doomtrooper,https://www.yidio.com/movie/ss-doomtrooper/175727,ss_doomtrooper
175728,Star Runners,https://www.yidio.com/movie/star-runners/175728,star_runners
175729,Triassic Attack,https://www.yidio.com/movie/triassic-attack/175729,triassic_attack
178258,Atomic Shark,https://www.yidio.com/movie/atomic-shark/178258,atomic_shark
87981,12 Disasters of Christmas,https://www.yidio.com/movie/12-disasters-of-christmas/87981,12_disasters_of_christmas
180165,Island of Lost Women,https://www.yidio.com/movie/island-of-lost-women/180165,island_of_lost_women
181283,Twin Tales From THE OUTER REALM,https://www.yidio.com/movie/twin-tales-from-the-outer-realm/181283,twin_tales_from_the_outer_realm
182157,One Million B.C.,https://www.yidio.com/movie/one-million-bc/182157,one_million_b_c
182575,The Neptune Factor,https://www.yidio.com/movie/the-neptune-factor/182575,the_neptune_factor
189330,Starfish,https://www.yidio.com/movie/starfish/189330,starfish
189338,The Sex Trip,https://www.yidio.com/movie/the-sex-trip/189338,the_sex_trip
192835,Alien Warfare,https://www.yidio.com/movie/alien-warfare/192835,alien_warfare
193980,De Film van Dylan Haegens,https://www.yidio.com/movie/de-film-van-dylan-haegens/193980,de_film_van_dylan_haegens
65773,Watchers 7 - The Physical Evidence,https://www.yidio.com/movie/watchers-7-the-physical-evidence/65773,watchers_7_the_physical_evidence
196403,Diamantino,https://www.yidio.com/movie/diamantino/196403,diamantino
196531,Assimilate,https://www.yidio.com/movie/assimilate/196531,assimilate
199111,Ovum,https://www.yidio.com/movie/ovum/199111,ovum
199914,Cities of Last Things,https://www.yidio.com/movie/cities-of-last-things/199914,cities_of_last_things
200883,Freaks,https://www.yidio.com/movie/freaks/200883,freaks
201995,Nekrotronic,https://www.yidio.com/movie/nekrotronic/201995,nekrotronic
204139,Depraved,https://www.yidio.com/movie/depraved/204139,depraved
204463,Riot Girls,https://www.yidio.com/movie/riot-girls/204463,riot_girls
207533,Nimona,https://www.yidio.com/movie/nimona/207533,nimona
42007,Mystery Science Theater 3000: Zombie Nightmare,https://www.yidio.com/movie/mystery-science-theater-3000-zombie-nightmare/42007,mystery_science_theater_3000_zombie_nightmare
215411,The Rage,https://www.yidio.com/movie/the-rage/215411,the_rage
218638,The Little Vampire,https://www.yidio.com/movie/the-little-vampire/218638,the_little_vampire
222308,Robocroc,https://www.yidio.com/movie/robocroc/222308,robocroc
222446,D-52,https://www.yidio.com/movie/d-52/222446,d_52
223216,She Dies Tomorrow,https://www.yidio.com/movie/she-dies-tomorrow/223216,she_dies_tomorrow
223656,Space Jam: A New Legacy,https://www.yidio.com/movie/space-jam-a-new-legacy/223656,space_jam_a_new_legacy
